Country,Code,Year,Health_Expenditure,Life_Expectancy
Australia,AUS,1971,982.3137,71.06829268
Australia,AUS,1972,989.9003,71.45756098
Australia,AUS,1973,1007.0003,71.84682927
Australia,AUS,1974,1138.423,72.23609756
Australia,AUS,1975,1299.7468,72.62536585
Australia,AUS,1976,1337.0718,73.01463415
Australia,AUS,1977,1403.1552,73.34439024
Australia,AUS,1978,1410.1761,73.67414634
Australia,AUS,1979,1410.7119,74.00390244
Australia,AUS,1980,1440.4453,74.33365854
Australia,AUS,1981,1467.8877,74.66341463
Australia,AUS,1982,1475.0446,74.90487805
Australia,AUS,1983,1508.2358,75.14634146
Australia,AUS,1984,1561.121,75.38780488
Australia,AUS,1985,1617.1644,75.62926829
Australia,AUS,1986,1688.0412,75.87073171
Australia,AUS,1987,1712.2838,76.15170732
Australia,AUS,1988,1736.7152,76.43268293
Australia,AUS,1989,1783.3481,76.71365854
Australia,AUS,1990,1853.1596,76.99463415
Australia,AUS,1991,1920.2033,77.27560976
Australia,AUS,1992,1994.4415,77.37804878
Australia,AUS,1993,2060.3732,77.87804878
Australia,AUS,1994,2129.3472,77.87804878
Australia,AUS,1995,2202.176,77.82926829
Australia,AUS,1996,2307.517,78.07804878
Australia,AUS,1997,2392.0429,78.4804878
Australia,AUS,1998,2543.6197,78.63170732
Australia,AUS,1999,2646.7086,78.93170732
Australia,AUS,2000,2767.6725,79.23414634
Australia,AUS,2001,2872.3738,79.63414634
Australia,AUS,2002,2999.5093,79.93658537
Australia,AUS,2003,3090.6573,80.23902439
Australia,AUS,2004,3240.3186,80.4902439
Australia,AUS,2005,3242.9106,80.84146341
Australia,AUS,2006,3323.2565,81.04146341
Australia,AUS,2007,3415.193,81.29268293
Australia,AUS,2008,3494.4375,81.39512195
Australia,AUS,2009,3629.7041,81.54390244
Australia,AUS,2010,3607.3407,81.69512195
Australia,AUS,2011,3738.1767,81.89512195
Australia,AUS,2012,3831.3635,82.04634146
Australia,AUS,2013,3901.7343,82.19756098
Austria,AUT,1970,849.863,69.91463415
Austria,AUT,1971,876.7198,70.11463415
Austria,AUT,1972,924.9049,70.46341463
Austria,AUT,1973,983.3833,71.01463415
Austria,AUT,1974,1068.3942,71.01219512
Austria,AUT,1975,1365.5542,71.11463415
Austria,AUT,1976,1481.9085,71.56585366
Austria,AUT,1977,1543.0276,71.91463415
Austria,AUT,1978,1602.6562,72.01219512
Austria,AUT,1979,1685.3273,72.31219512
Austria,AUT,1980,1738.9518,72.46341463
Austria,AUT,1981,1485.8219,72.81219512
Austria,AUT,1982,1508.3548,72.96097561
Austria,AUT,1983,1512.4136,73.01219512
Austria,AUT,1984,1525.3671,73.61219512
Austria,AUT,1985,1597.0039,73.81463415
Austria,AUT,1986,1661.8794,74.31707317
Austria,AUT,1987,1763.1259,74.76829268
Austria,AUT,1988,1816.3715,75.21707317
Austria,AUT,1989,1920.5468,75.26585366
Austria,AUT,1990,2347.0307,75.56829268
Austria,AUT,1991,2423.6339,75.61707317
Austria,AUT,1992,2540.0944,75.81707317
Austria,AUT,1993,2696.6659,76.06829268
Austria,AUT,1994,2875.3106,76.4195122
Austria,AUT,1995,2925.7651,76.66829268
Austria,AUT,1996,2978.1928,76.87073171
Austria,AUT,1997,3074.4388,77.3195122
Austria,AUT,1998,3240.746,77.67073171
Austria,AUT,1999,3404.3271,77.87560976
Austria,AUT,2000,3472.7366,78.12682927
Austria,AUT,2001,3531.3159,78.57560976
Austria,AUT,2002,3620.3297,78.67804878
Austria,AUT,2003,3695.6138,78.63170732
Austria,AUT,2004,3797.4718,79.1804878
Austria,AUT,2005,3826.3191,79.33170732
Austria,AUT,2006,3893.9178,79.8804878
Austria,AUT,2007,4020.3699,80.1804878
Austria,AUT,2008,4136.9982,80.43170732
Austria,AUT,2009,4178.429,80.33170732
Austria,AUT,2010,4236.3164,80.5804878
Austria,AUT,2011,4253.5175,80.98292683
Austria,AUT,2012,4362.1556,80.93658537
Austria,AUT,2013,4352.5783,80.8902439
Belgium,BEL,1970,683.3738,70.97195122
Belgium,BEL,1971,723.5906,71.0604878
Belgium,BEL,1972,788.4374,71.40512195
Belgium,BEL,1973,891.1623,71.63536585
Belgium,BEL,1974,939.3939,71.98585366
Belgium,BEL,1975,1154.0117,71.97121951
Belgium,BEL,1976,1262.6339,72.1197561
Belgium,BEL,1977,1372.7239,72.77390244
Belgium,BEL,1978,1453.5338,72.69804878
Belgium,BEL,1979,1482.0677,73.19365854
Belgium,BEL,1980,1494.2748,73.20707317
Belgium,BEL,1981,1590.1579,73.62170732
Belgium,BEL,1982,1655.4796,73.88804878
Belgium,BEL,1983,1701.4332,73.86902439
Belgium,BEL,1984,1703.9211,74.40487805
Belgium,BEL,1985,1744.1525,74.5202439
Belgium,BEL,1986,1819.5336,74.73170732
Belgium,BEL,1987,1888.226,75.36585366
Belgium,BEL,1988,1970.8607,75.56585366
Belgium,BEL,1989,2015.7184,75.63268293
Belgium,BEL,1990,2085.3743,76.05195122
Belgium,BEL,1991,2208.0614,76.19219512
Belgium,BEL,1992,2286.7203,76.35121951
Belgium,BEL,1993,2292.4751,76.34536585
Belgium,BEL,1994,2297.5698,76.69170732
Belgium,BEL,1995,2334.5471,76.84073171
Belgium,BEL,1996,2454.2452,77.18731707
Belgium,BEL,1997,2492.5703,77.37073171
Belgium,BEL,1998,2577.5149,77.47317073
Belgium,BEL,1999,2720.044,77.6195122
Belgium,BEL,2000,2826.9874,77.72195122
Belgium,BEL,2001,2898.5499,77.97317073
Belgium,BEL,2002,2994.2747,78.07560976
Belgium,BEL,2003,3305.4234,78.12926829
Belgium,BEL,2004,3418.6101,78.87804878
Belgium,BEL,2005,3442.567,78.9804878
Belgium,BEL,2006,3469.8104,79.3804878
Belgium,BEL,2007,3577.1295,79.78292683
Belgium,BEL,2008,3725.1113,79.6804878
Belgium,BEL,2009,3900.7277,79.98292683
Belgium,BEL,2010,3901.9126,80.23414634
Belgium,BEL,2011,3986.078,80.58536585
Belgium,BEL,2012,4006.2239,80.38536585
Belgium,BEL,2013,4062.795,80.38536585
Canada,CAN,1970,1295.7665,72.7004878
Canada,CAN,1971,1390.037,73.02926829
Canada,CAN,1972,1430.5746,72.93390244
Canada,CAN,1973,1437.3807,73.16268293
Canada,CAN,1974,1442.2155,73.23756098
Canada,CAN,1975,1553.5575,73.52170732
Canada,CAN,1976,1621.8955,73.85609756
Canada,CAN,1977,1653.0144,74.21560976
Canada,CAN,1978,1694.2938,74.5297561
Canada,CAN,1979,1711.5811,74.86634146
Canada,CAN,1980,1773.2352,75.07804878
Canada,CAN,1981,1867.9228,75.47853659
Canada,CAN,1982,1979.7332,75.6804878
Canada,CAN,1983,2057.1832,76.03634146
Canada,CAN,1984,2126.6136,76.31756098
Canada,CAN,1985,2209.266,76.30341463
Canada,CAN,1986,2306.182,76.44
Canada,CAN,1987,2351.3938,76.7395122
Canada,CAN,1988,2423.1176,76.80926829
Canada,CAN,1989,2500.3536,77.06560976
Canada,CAN,1990,2595.9141,77.37707317
Canada,CAN,1991,2714.7232,77.55341463
Canada,CAN,1992,2781.2469,77.32073171
Canada,CAN,1993,2788.8032,77.68512195
Canada,CAN,1994,2771.8514,77.86195122
Canada,CAN,1995,2720.2965,77.97756098
Canada,CAN,1996,2672.6873,78.2304878
Canada,CAN,1997,2753.7682,78.4804878
Canada,CAN,1998,2915.6411,78.66243902
Canada,CAN,1999,2963.8153,78.88292683
Canada,CAN,2000,3058.155,79.23658537
Canada,CAN,2001,3219.9298,79.48780488
Canada,CAN,2002,3369.4221,79.5902439
Canada,CAN,2003,3458.5634,79.83902439
Canada,CAN,2004,3553.4721,80.14146341
Canada,CAN,2005,3619.4946,80.29268293
Canada,CAN,2006,3745.9104,80.64390244
Canada,CAN,2007,3823.2951,80.36987805
Canada,CAN,2008,3888.0876,80.54321951
Canada,CAN,2009,4168.1453,80.71709756
Canada,CAN,2010,4242.3395,80.8934878
Canada,CAN,2011,4197.4339,81.06831707
Canada,CAN,2012,4217.7065,81.23804878
Canada,CAN,2013,4227.6444,81.40112195
Chile,CHL,1995,518.8709,74.98660976
Chile,CHL,1996,571.4461,75.28680488
Chile,CHL,1997,602.4807,75.6175122
Chile,CHL,1998,643.746,75.97926829
Chile,CHL,1999,643.4363,76.36612195
Chile,CHL,2000,672.0826,76.75856098
Chile,CHL,2001,702.5606,77.13104878
Chile,CHL,2002,723.3348,77.4615122
Chile,CHL,2003,847.996,77.73792683
Chile,CHL,2004,900.6741,77.95980488
Chile,CHL,2005,945.5478,78.13721951
Chile,CHL,2006,986.7056,78.2897561
Chile,CHL,2007,1053.6318,78.44297561
Chile,CHL,2008,1084.6686,78.61741463
Chile,CHL,2009,1153.454,78.81858537
Chile,CHL,2010,1219.6509,79.05046341
Chile,CHL,2011,1279.5465,79.3065122
Chile,CHL,2012,1355.3914,79.57265854
Chile,CHL,2013,1464.9806,79.83680488
Czech Republic,CZE,1990,716.5572,71.38390244
Czech Republic,CZE,1991,658.0074,71.89829268
Czech Republic,CZE,1992,674.823,72.27170732
Czech Republic,CZE,1993,903.4505,72.76780488
Czech Republic,CZE,1994,957.5316,72.97268293
Czech Republic,CZE,1995,1058.9196,73.07487805
Czech Republic,CZE,1996,1082.1967,73.71463415
Czech Republic,CZE,1997,1077.8613,73.82487805
Czech Republic,CZE,1998,1072.1795,74.51463415
Czech Republic,CZE,1999,1123.4993,74.66829268
Czech Republic,CZE,2000,1159.6971,74.96829268
Czech Republic,CZE,2001,1234.4662,75.17317073
Czech Republic,CZE,2002,1324.2376,75.22195122
Czech Republic,CZE,2003,1452.0197,75.17073171
Czech Republic,CZE,2004,1481.5625,75.72195122
Czech Republic,CZE,2005,1574.6261,75.92439024
Czech Republic,CZE,2006,1628.7237,76.52439024
Czech Republic,CZE,2007,1660.1874,76.72439024
Czech Republic,CZE,2008,1787.753,76.97560976
Czech Republic,CZE,2009,1939.7369,77.07804878
Czech Republic,CZE,2010,1879.5815,77.42439024
Czech Republic,CZE,2011,1927.1554,77.87317073
Czech Republic,CZE,2012,1924.5446,78.07560976
Czech Republic,CZE,2013,2102.5929,78.27804878
Denmark,DNK,1971,1752.6046,73.41463415
Denmark,DNK,1972,1832.706,73.43902439
Denmark,DNK,1973,1840.6337,73.68219512
Denmark,DNK,1974,1983.8015,73.80829268
Denmark,DNK,1975,2007.4161,74.07512195
Denmark,DNK,1976,2097.479,73.7397561
Denmark,DNK,1977,2082.9591,74.63243902
Denmark,DNK,1978,2152.0583,74.39292683
Denmark,DNK,1979,2256.2179,74.21926829
Denmark,DNK,1980,2233.5431,74.10170732
Denmark,DNK,1981,2266.1629,74.2304878
Denmark,DNK,1982,2365.8534,74.55121951
Denmark,DNK,1983,2370.3896,74.4204878
Denmark,DNK,1984,2338.5427,74.56219512
Denmark,DNK,1985,2423.9343,74.42756098
Denmark,DNK,1986,2462.757,74.5797561
Denmark,DNK,1987,2566.9934,74.69121951
Denmark,DNK,1988,2609.3351,74.77170732
Denmark,DNK,1989,2583.172,74.7997561
Denmark,DNK,1990,2603.6992,74.80536585
Denmark,DNK,1991,2600.6729,75.15780488
Denmark,DNK,1992,2647.4906,75.19414634
Denmark,DNK,1993,2747.1456,75.11682927
Denmark,DNK,1994,2811.1094,75.37512195
Denmark,DNK,1995,2772.5318,75.21268293
Denmark,DNK,1996,2861.9021,75.59146341
Denmark,DNK,1997,2909.2982,75.94512195
Denmark,DNK,1998,2887.3885,76.13902439
Denmark,DNK,1999,3272.6025,76.34146341
Denmark,DNK,2000,3287.6537,76.59268293
Denmark,DNK,2001,3443.0322,76.79268293
Denmark,DNK,2002,3551.795,76.89512195
Denmark,DNK,2003,3638.1442,77.14390244
Denmark,DNK,2004,3769.889,77.49268293
Denmark,DNK,2005,3883.3181,77.84390244
Denmark,DNK,2006,4052.4257,78.09512195
Denmark,DNK,2007,4137.2414,78.19512195
Denmark,DNK,2008,4175.102,78.44634146
Denmark,DNK,2009,4434.2513,78.59756098
Denmark,DNK,2010,4370.3331,79.1
Denmark,DNK,2011,4310.9932,79.8
Denmark,DNK,2012,4309.4836,80.05121951
Denmark,DNK,2013,4295.5987,80.30243902
Estonia,EST,1999,754.2285,70.06341463
Estonia,EST,2000,751.4352,70.41707317
Estonia,EST,2001,745.465,70.25853659
Estonia,EST,2002,786.621,70.90487805
Estonia,EST,2003,877.7061,71.31707317
Estonia,EST,2004,978.3881,71.9097561
Estonia,EST,2005,1047.3086,72.56829268
Estonia,EST,2006,1152.9042,72.69146341
Estonia,EST,2007,1275.8281,72.81463415
Estonia,EST,2008,1373.0364,73.77073171
Estonia,EST,2009,1342.592,74.82439024
Estonia,EST,2010,1334.1851,75.42926829
Estonia,EST,2011,1324.0841,76.22926829
Estonia,EST,2012,1394.4443,76.32682927
Estonia,EST,2013,1464.5597,76.42439024
Finland,FIN,1970,759.8204,70.1795122
Finland,FIN,1971,823.5278,70.01756098
Finland,FIN,1972,897.8236,70.70731707
Finland,FIN,1973,928.4083,71.22365854
Finland,FIN,1974,942.0766,71.13487805
Finland,FIN,1975,1043.8095,71.67365854
Finland,FIN,1976,1106.7728,71.81292683
Finland,FIN,1977,1143.9357,72.3502439
Finland,FIN,1978,1162.5551,72.89707317
Finland,FIN,1979,1212.4493,73.15536585
Finland,FIN,1980,1258.2683,73.44
Finland,FIN,1981,1295.7892,73.74658537
Finland,FIN,1982,1348.9003,74.29804878
Finland,FIN,1983,1402.4839,74.20097561
Finland,FIN,1984,1450.1209,74.51902439
Finland,FIN,1985,1588.8682,74.22292683
Finland,FIN,1986,1651.2439,74.56
Finland,FIN,1987,1740.4537,74.59195122
Finland,FIN,1988,1774.809,74.57707317
Finland,FIN,1989,1869.3929,74.79219512
Finland,FIN,1990,2015.0186,74.81317073
Finland,FIN,1991,2162.646,75.22756098
Finland,FIN,1992,2128.9968,75.45536585
Finland,FIN,1993,1934.0765,75.70512195
Finland,FIN,1994,1862.0776,76.39560976
Finland,FIN,1995,1951.7806,76.4095122
Finland,FIN,1996,2050.0056,76.69341463
Finland,FIN,1997,2071.8464,76.87853659
Finland,FIN,1998,2084.1422,77.09073171
Finland,FIN,1999,2163.5734,77.29121951
Finland,FIN,2000,2302.7754,77.46585366
Finland,FIN,2001,2407.5286,77.96585366
Finland,FIN,2002,2573.9942,78.1195122
Finland,FIN,2003,2729.7925,78.36829268
Finland,FIN,2004,2873.619,78.71463415
Finland,FIN,2005,3016.7141,78.81707317
Finland,FIN,2006,3129.107,79.21463415
Finland,FIN,2007,3203.6907,79.26341463
Finland,FIN,2008,3316.5843,79.56829268
Finland,FIN,2009,3322.6085,79.7195122
Finland,FIN,2010,3403.1108,79.87073171
Finland,FIN,2011,3505.0245,80.47073171
Finland,FIN,2012,3568.2158,80.62682927
Finland,FIN,2013,3602.6862,80.83170732
France,FRA,1970,923.0338,71.65853659
France,FRA,1975,1267.5022,72.85365854
France,FRA,1980,1604.7333,74.05121951
France,FRA,1985,1923.1369,75.3
France,FRA,1990,2300.8976,76.6
France,FRA,1991,2377.8353,76.84878049
France,FRA,1992,2469.4117,77.1
France,FRA,1993,2561.9933,77.3
France,FRA,1994,2607.9071,77.64878049
France,FRA,1995,2965.8229,77.75121951
France,FRA,1996,2997.7557,77.95365854
France,FRA,1997,3018.3427,78.30487805
France,FRA,1998,3082.7392,78.60487805
France,FRA,1999,3171.996,78.75609756
France,FRA,2000,3248.9504,79.05609756
France,FRA,2001,3331.4384,79.15853659
France,FRA,2002,3454.0558,79.26097561
France,FRA,2003,3478.5787,79.11463415
France,FRA,2004,3578.9042,80.16341463
France,FRA,2005,3629.209,80.16341463
France,FRA,2006,3644.7304,80.81219512
France,FRA,2007,3680.6859,81.11219512
France,FRA,2008,3713.7856,81.21463415
France,FRA,2009,3836.7055,81.41463415
France,FRA,2010,3859.5252,81.66341463
France,FRA,2011,3917.4283,82.11463415
France,FRA,2012,3942.3884,81.96829268
France,FRA,2013,3989.2368,81.96829268
Germany,DEU,1970,1219.428,70.63978049
Germany,DEU,1971,1358.2333,70.74287805
Germany,DEU,1972,1480.9197,70.867
Germany,DEU,1973,1619.966,71.01668293
Germany,DEU,1974,1757.4922,71.19541463
Germany,DEU,1975,1906.5468,71.40173171
Germany,DEU,1976,2015.1658,71.63414634
Germany,DEU,1977,2070.2065,71.88368293
Germany,DEU,1978,2154.6998,72.14280488
Germany,DEU,1979,2201.3952,72.40853659
Germany,DEU,1980,2282.4014,72.67790244
Germany,DEU,1981,2374.1244,72.95239024
Germany,DEU,1982,2319.1311,73.23097561
Germany,DEU,1983,2361.1298,73.51214634
Germany,DEU,1984,2472.1423,73.79285366
Germany,DEU,1985,2579.6387,74.06453659
Germany,DEU,1986,2603.9363,74.32163415
Germany,DEU,1987,2668.4883,74.55960976
Germany,DEU,1988,2812.9428,74.77895122
Germany,DEU,1989,2689.5098,74.98268293
Germany,DEU,1990,2774.6817,75.17736585
Germany,DEU,1992,2909.8528,75.8195122
Germany,DEU,1993,2853.0909,75.87073171
Germany,DEU,1994,2989.637,76.27073171
Germany,DEU,1995,3122.131,76.42195122
Germany,DEU,1996,3241.8944,76.67317073
Germany,DEU,1997,3257.2866,77.07317073
Germany,DEU,1998,3327.2647,77.47560976
Germany,DEU,1999,3414.5749,77.72682927
Germany,DEU,2000,3536.3549,77.92682927
Germany,DEU,2001,3603.768,78.32926829
Germany,DEU,2002,3687.3766,78.22926829
Germany,DEU,2003,3745.138,78.3804878
Germany,DEU,2004,3704.9553,78.6804878
Germany,DEU,2005,3787.1331,78.93170732
Germany,DEU,2006,3875.1386,79.13170732
Germany,DEU,2007,3950.1671,79.53414634
Germany,DEU,2008,4079.0901,79.73658537
Germany,DEU,2009,4232.5762,79.83658537
Germany,DEU,2010,4358.6128,79.98780488
Germany,DEU,2011,4396.4446,80.74146341
Germany,DEU,2012,4516.9885,80.89268293
Germany,DEU,2013,4589.3728,81.04390244
Greece,GRC,1988,1120.1386,75.90065854
Greece,GRC,1989,1268.3512,76.68780488
Greece,GRC,1990,1266.7054,76.93902439
Greece,GRC,1991,1259.177,77.13658537
Greece,GRC,1992,1376.7298,77.38292683
Greece,GRC,1993,1511.2064,77.3902439
Greece,GRC,1994,1682.7263,77.63902439
Greece,GRC,1995,1709.315,77.58536585
Greece,GRC,1996,1729.3586,77.68536585
Greece,GRC,1997,1756.0787,78.13658537
Greece,GRC,1998,1786.9542,77.83902439
Greece,GRC,1999,1879.4975,77.98780488
Greece,GRC,2000,1815.1583,77.88780488
Greece,GRC,2001,2073.6269,78.38780488
Greece,GRC,2002,2213.1951,78.64146341
Greece,GRC,2003,2325.7693,78.84146341
Greece,GRC,2004,2358.3612,79.03902439
Greece,GRC,2005,2682.9519,79.23902439
Greece,GRC,2006,2816.2848,79.43902439
Greece,GRC,2007,2931.8391,79.43902439
Greece,GRC,2008,3138.9139,79.93902439
Greece,GRC,2009,2995.5728,80.18780488
Greece,GRC,2010,2855.3382,80.38780488
Greece,GRC,2011,2496.7023,80.73170732
Greece,GRC,2012,2199.1078,80.63414634
Greece,GRC,2013,2096.1872,80.63414634
Hungary,HUN,1991,931.3611,69.37707317
Hungary,HUN,1992,972.5426,69.11707317
Hungary,HUN,1993,977.2673,69.10121951
Hungary,HUN,1994,1076.6561,69.4697561
Hungary,HUN,1995,996.4554,69.79170732
Hungary,HUN,1996,985.2159,70.32878049
Hungary,HUN,1997,968.7231,70.70243902
Hungary,HUN,1998,1069.7785,70.55780488
Hungary,HUN,1999,1141.0826,70.67707317
Hungary,HUN,2000,1174.2322,71.24634146
Hungary,HUN,2001,1231.7817,72.24878049
Hungary,HUN,2002,1345.8965,72.34878049
Hungary,HUN,2003,1601.6351,72.3
Hungary,HUN,2004,1611.2098,72.64878049
Hungary,HUN,2005,1736.3408,72.64878049
Hungary,HUN,2006,1762.9564,73.09756098
Hungary,HUN,2007,1641.345,73.15121951
Hungary,HUN,2008,1631.2306,73.70243902
Hungary,HUN,2009,1558.7315,73.90487805
Hungary,HUN,2010,1632.9071,74.20731707
Hungary,HUN,2011,1670.9272,74.85853659
Hungary,HUN,2012,1633.207,75.06341463
Hungary,HUN,2013,1623.611,75.26829268
Iceland,ISL,1970,677.6726,73.93390244
Iceland,ISL,1971,830.6061,73.5704878
Iceland,ISL,1972,851.981,74.45585366
Iceland,ISL,1973,821.2949,74.45097561
Iceland,ISL,1974,977.879,74.51170732
Iceland,ISL,1975,1049.6175,75.57878049
Iceland,ISL,1976,1033.2232,76.97219512
Iceland,ISL,1977,1104.9693,76.37365854
Iceland,ISL,1978,1250.5295,76.64926829
Iceland,ISL,1979,1467.5863,76.77317073
Iceland,ISL,1980,1422.0142,76.84658537
Iceland,ISL,1981,1497.722,76.52146341
Iceland,ISL,1982,1581.5156,77.03780488
Iceland,ISL,1983,1674.4617,76.84560976
Iceland,ISL,1984,1626.2001,77.57658537
Iceland,ISL,1985,1725.9535,77.60243902
Iceland,ISL,1986,1943.1152,77.99073171
Iceland,ISL,1987,2136.8455,77.33902439
Iceland,ISL,1988,2267.1187,77.08292683
Iceland,ISL,1989,2195.0565,78.14097561
Iceland,ISL,1990,2104.4213,78.03634146
Iceland,ISL,1991,2124.8289,77.99195122
Iceland,ISL,1992,2081.2123,78.7602439
Iceland,ISL,1993,2110.8651,78.93463415
Iceland,ISL,1994,2120.1821,79.24707317
Iceland,ISL,1995,2145.0396,77.98439024
Iceland,ISL,1996,2245.4189,78.77780488
Iceland,ISL,1997,2308.4022,78.88536585
Iceland,ISL,1998,2672.0023,79.60243902
Iceland,ISL,1999,2880.4164,79.35121951
Iceland,ISL,2000,3018.2348,79.65365854
Iceland,ISL,2001,3046.8803,80.6902439
Iceland,ISL,2002,3280.2966,80.50243902
Iceland,ISL,2003,3504.7227,80.96341463
Iceland,ISL,2004,3563.2638,80.99756098
Iceland,ISL,2005,3571.3684,81.50243902
Iceland,ISL,2006,3531.784,81.15853659
Iceland,ISL,2007,3686.4844,81.45365854
Iceland,ISL,2008,3692.5888,81.6097561
Iceland,ISL,2009,3631.9733,81.75121951
Iceland,ISL,2010,3405.9865,81.89756098
Iceland,ISL,2011,3395.1218,82.35853659
Iceland,ISL,2012,3440.0963,82.91707317
Iceland,ISL,2013,3560.4208,83.11707317
Ireland,IRL,1970,530.1572,70.99621951
Ireland,IRL,1971,642.5646,71.08136585
Ireland,IRL,1972,681.9066,71.17458537
Ireland,IRL,1973,718.8923,71.28087805
Ireland,IRL,1974,796.9092,71.40329268
Ireland,IRL,1975,839.4058,71.54629268
Ireland,IRL,1976,818.3842,71.71287805
Ireland,IRL,1977,832.657,71.90004878
Ireland,IRL,1978,926.5445,72.1047561
Ireland,IRL,1979,991.5204,72.32302439
Ireland,IRL,1980,1114.6872,72.54936585
Ireland,IRL,1981,1076.802,72.77778049
Ireland,IRL,1982,1068.9027,73.00378049
Ireland,IRL,1983,1062.5368,73.22239024
Ireland,IRL,1984,1076.9617,73.43458537
Ireland,IRL,1985,1111.1945,73.64090244
Ireland,IRL,1986,1090.8688,73.84880488
Ireland,IRL,1987,1091.6078,74.06331707
Ireland,IRL,1988,1097.7704,74.28643902
Ireland,IRL,1989,1094.6361,74.51560976
Ireland,IRL,1990,1155.6888,74.74131707
Ireland,IRL,1991,1265.4578,74.95053659
Ireland,IRL,1992,1354.83,75.1362439
Ireland,IRL,1993,1395.2998,75.29643902
Ireland,IRL,1994,1446.3336,75.43763415
Ireland,IRL,1995,1535.2678,75.57134146
Ireland,IRL,1996,1617.2544,75.83170732
Ireland,IRL,1997,1755.6332,75.98536585
Ireland,IRL,1998,1824.7354,76.1804878
Ireland,IRL,1999,1981.8331,76.08292683
Ireland,IRL,2000,2277.413,76.53658537
Ireland,IRL,2001,2571.5499,77.13414634
Ireland,IRL,2002,2792.6566,77.63414634
Ireland,IRL,2003,2991.0384,78.13902439
Ireland,IRL,2004,3165.1088,78.53902439
Ireland,IRL,2005,3490.7445,78.94390244
Ireland,IRL,2006,3545.7522,79.24146341
Ireland,IRL,2007,3776.9736,79.64146341
Ireland,IRL,2008,4225.5888,80.09512195
Ireland,IRL,2009,4560.1121,80.1902439
Ireland,IRL,2010,4585.4044,80.74390244
Ireland,IRL,2011,4370.0642,80.74634146
Ireland,IRL,2012,4467.5385,80.89512195
Ireland,IRL,2013,4676.9454,81.04390244
Israel,ISR,1975,687.5623,72.04512195
Israel,ISR,1976,773.9488,72.95609756
Israel,ISR,1977,862.3993,72.95853659
Israel,ISR,1978,978.0838,73.20731707
Israel,ISR,1979,1099.545,73.50731707
Israel,ISR,1980,1106.423,73.87560976
Israel,ISR,1981,1109.3591,74.26097561
Israel,ISR,1982,1121.3554,74.1097561
Israel,ISR,1983,1213.6878,74.45853659
Israel,ISR,1984,1463.6916,74.80731707
Israel,ISR,1985,1114.3894,75.20731707
Israel,ISR,1986,1064.7676,74.95609756
Israel,ISR,1987,1140.0856,75.25853659
Israel,ISR,1988,1198.6498,74.43658537
Israel,ISR,1989,1272.1907,76.30731707
Israel,ISR,1990,1244.5814,76.60731707
Israel,ISR,1991,1203.9738,76.75853659
Israel,ISR,1992,1305.82,76.50487805
Israel,ISR,1993,1358.864,77.15365854
Israel,ISR,1994,1524.3042,77.40243902
Israel,ISR,1995,1540.9732,77.45121951
Israel,ISR,1996,1613.0248,78.10487805
Israel,ISR,1997,1668.5784,78
Israel,ISR,1998,1683.9816,78.14878049
Israel,ISR,1999,1628.6461,78.65853659
Israel,ISR,2000,1731.985,78.95365854
Israel,ISR,2001,1802.3905,79.40731707
Israel,ISR,2002,1746.3998,79.45121951
Israel,ISR,2003,1723.6955,79.64878049
Israel,ISR,2004,1762.0028,80.14634146
Israel,ISR,2005,1827.5507,80.15121951
Israel,ISR,2006,1850.0258,80.55365854
Israel,ISR,2007,1919.0778,80.50487805
Israel,ISR,2008,1966.125,80.95121951
Israel,ISR,2009,1966.5113,81.40487805
Israel,ISR,2010,2025.5808,81.60243902
Israel,ISR,2011,2085.0105,81.65609756
Israel,ISR,2012,2138.5689,81.70487805
Israel,ISR,2013,2259.7685,82.05609756
Italy,ITA,1988,1892.0396,76.37073171
Italy,ITA,1989,1950.7967,76.8195122
Italy,ITA,1990,2094.9595,76.97073171
Italy,ITA,1991,2196.8754,77.0195122
Italy,ITA,1992,2173.484,77.4195122
Italy,ITA,1993,2144.3894,77.72195122
Italy,ITA,1994,2142.4645,77.92195122
Italy,ITA,1995,2184.2945,78.17073171
Italy,ITA,1996,2241.6398,78.52195122
Italy,ITA,1997,2366.9263,78.82439024
Italy,ITA,1998,2419.1297,78.97560976
Italy,ITA,1999,2479.3573,79.42439024
Italy,ITA,2000,2655.8168,79.77804878
Italy,ITA,2001,2768.5363,80.12682927
Italy,ITA,2002,2815.5814,80.22926829
Italy,ITA,2003,2793.9552,79.98292683
Italy,ITA,2004,2939.1599,80.7804878
Italy,ITA,2005,3015.059,80.78292683
Italy,ITA,2006,3102.4452,81.28292683
Italy,ITA,2007,3022.4024,81.43414634
Italy,ITA,2008,3116.1245,81.48536585
Italy,ITA,2009,3073.9197,81.63658537
Italy,ITA,2010,3108.2039,82.03658537
Italy,ITA,2011,3079.2887,82.18780488
Italy,ITA,2012,2986.9155,82.23902439
Italy,ITA,2013,2886.7033,82.2902439
Japan,JPN,1970,623.3711,71.9502439
Japan,JPN,1971,660.3299,72.88292683
Japan,JPN,1972,722.6373,73.50658537
Japan,JPN,1973,749.5743,73.75756098
Japan,JPN,1974,802.0178,74.39390244
Japan,JPN,1975,903.0019,75.05731707
Japan,JPN,1976,929.4517,75.45682927
Japan,JPN,1977,985.1609,75.89829268
Japan,JPN,1978,1062.5623,76.03829268
Japan,JPN,1979,1135.0667,76.33756098
Japan,JPN,1980,1235.055,76.09170732
Japan,JPN,1981,1291.5449,76.41439024
Japan,JPN,1982,1358.6788,76.92292683
Japan,JPN,1983,1412.5784,76.96146341
Japan,JPN,1984,1422.3298,77.36536585
Japan,JPN,1985,1517.8435,77.6504878
Japan,JPN,1986,1541.7301,78.06463415
Japan,JPN,1987,1599.8228,78.48365854
Japan,JPN,1988,1630.6228,78.39926829
Japan,JPN,1989,1643.1504,78.81804878
Japan,JPN,1990,1682.9817,78.83682927
Japan,JPN,1991,1744.4086,79.10073171
Japan,JPN,1992,1830.072,79.15390244
Japan,JPN,1993,1910.1008,79.29365854
Japan,JPN,1994,2003.6661,79.68707317
Japan,JPN,1995,1963.2829,79.53634146
Japan,JPN,1996,1969.6699,80.2002439
Japan,JPN,1997,2073.7872,80.42414634
Japan,JPN,1998,2114.316,80.50146341
Japan,JPN,1999,2219.6448,80.57073171
Japan,JPN,2000,2330.8806,81.07609756
Japan,JPN,2001,2403.8792,81.41707317
Japan,JPN,2002,2443.5713,81.56341463
Japan,JPN,2003,2525.473,81.76
Japan,JPN,2004,2602.057,82.0302439
Japan,JPN,2005,2692.0869,81.92512195
Japan,JPN,2006,2743.601,82.32195122
Japan,JPN,2007,2821.3057,82.50707317
Japan,JPN,2008,2906.937,82.58756098
Japan,JPN,2009,3035.3095,82.93146341
Japan,JPN,2010,3204.9489,82.84268293
Japan,JPN,2011,3725.9524,82.59121951
Japan,JPN,2012,3858.7176,83.09609756
Japan,JPN,2013,3951.9544,83.33195122
Latvia,LVA,1995,418.2962,66.39121951
Latvia,LVA,1996,473.0512,68.77658537
Latvia,LVA,1997,536.5739,69.34926829
Latvia,LVA,1998,570.6879,69.01219512
Latvia,LVA,1999,622.1972,69.74292683
Latvia,LVA,2000,626.0707,70.31463415
Latvia,LVA,2001,696.9402,70.76097561
Latvia,LVA,2002,756.3974,70.96097561
Latvia,LVA,2003,795.6183,71.26585366
Latvia,LVA,2004,929.6818,72.02682927
Latvia,LVA,2005,978.9398,71.35609756
Latvia,LVA,2006,1082.8852,70.86585366
Latvia,LVA,2007,1207.1463,71.0195122
Latvia,LVA,2008,1146.5548,72.4195122
Latvia,LVA,2009,1091.5743,73.0804878
Latvia,LVA,2010,1071.4247,73.48292683
Latvia,LVA,2011,1052.3074,73.57560976
Latvia,LVA,2012,1078.4919,73.77804878
Latvia,LVA,2013,1116.1671,73.9804878
Luxembourg,LUX,1995,3316.7824,76.51219512
Luxembourg,LUX,1996,3373.0684,76.5195122
Luxembourg,LUX,1997,3489.2365,76.8804878
Luxembourg,LUX,1998,3712.8361,77.01707317
Luxembourg,LUX,1999,4052.5576,77.77073171
Luxembourg,LUX,2000,4607.0129,77.87317073
Luxembourg,LUX,2001,5120.9327,77.82439024
Luxembourg,LUX,2002,5534.7542,77.96585366
Luxembourg,LUX,2003,5733.3215,77.72682927
Luxembourg,LUX,2004,6206.8898,79.12195122
Luxembourg,LUX,2005,6192.6627,79.43170732
Luxembourg,LUX,2006,6020.6356,79.28780488
Luxembourg,LUX,2007,5982.6009,79.38292683
Luxembourg,LUX,2008,6130.7386,80.53902439
Luxembourg,LUX,2009,6451.6554,80.63658537
Luxembourg,LUX,2010,6401.8972,80.63170732
Luxembourg,LUX,2011,5628.0203,80.98780488
Luxembourg,LUX,2012,5811.1547,81.39268293
Luxembourg,LUX,2013,5787.4369,81.79756098
Mexico,MEX,1990,505.5678,70.79573171
Mexico,MEX,1991,557.5118,71.19097561
Mexico,MEX,1992,609.8756,71.58582927
Mexico,MEX,1993,634.2963,71.97782927
Mexico,MEX,1994,652.7527,72.36385366
Mexico,MEX,1995,587.714,72.73826829
Mexico,MEX,1996,553.3215,73.09241463
Mexico,MEX,1997,598.4016,73.42265854
Mexico,MEX,1998,631.4867,73.72646341
Mexico,MEX,1999,662.6147,74.00580488
Mexico,MEX,2000,689.5147,74.26526829
Mexico,MEX,2001,736.5952,74.51097561
Mexico,MEX,2002,754.4262,74.75058537
Mexico,MEX,2003,830.7156,74.9917561
Mexico,MEX,2004,870.4653,75.23656098
Mexico,MEX,2005,868.577,75.48553659
Mexico,MEX,2006,869.6953,75.73665854
Mexico,MEX,2007,902.7412,75.98439024
Mexico,MEX,2008,891.0721,76.22665854
Mexico,MEX,2009,900.0231,76.46146341
Mexico,MEX,2010,911.3509,76.69029268
Mexico,MEX,2011,895.0437,76.91417073
Mexico,MEX,2012,947.8146,77.13507317
Mexico,MEX,2013,965.7668,77.35402439
Netherlands,NLD,1972,1263.8102,73.72707317
Netherlands,NLD,1973,1335.5067,74.14390244
Netherlands,NLD,1974,1429.309,74.53682927
Netherlands,NLD,1975,1500.9013,74.49878049
Netherlands,NLD,1976,1544.7651,74.64707317
Netherlands,NLD,1977,1587.6873,75.22146341
Netherlands,NLD,1978,1644.9819,75.14512195
Netherlands,NLD,1979,1708.9465,75.60609756
Netherlands,NLD,1980,1765.0192,75.74317073
Netherlands,NLD,1981,1763.385,75.93439024
Netherlands,NLD,1982,1792.5578,75.98853659
Netherlands,NLD,1983,1822.6207,76.16414634
Netherlands,NLD,1984,1796.0595,76.23317073
Netherlands,NLD,1985,1830.735,76.28463415
Netherlands,NLD,1986,1896.0149,76.2704878
Netherlands,NLD,1987,1951.6413,76.70512195
Netherlands,NLD,1988,1984.4914,76.8902439
Netherlands,NLD,1989,2111.5755,76.73414634
Netherlands,NLD,1990,2235.2966,76.87804878
Netherlands,NLD,1991,2329.3287,77
Netherlands,NLD,1992,2419.1975,77.21707317
Netherlands,NLD,1993,2465.4183,76.91658537
Netherlands,NLD,1994,2483.7328,77.37512195
Netherlands,NLD,1995,2517.7319,77.40463415
Netherlands,NLD,1996,2569.5265,77.43560976
Netherlands,NLD,1997,2598.2123,77.79439024
Netherlands,NLD,1998,2726.8316,77.88292683
Netherlands,NLD,1999,2845.7887,77.83658537
Netherlands,NLD,2000,2895.4987,77.98780488
Netherlands,NLD,2001,3094.8154,78.1902439
Netherlands,NLD,2002,3290.5559,78.29268293
Netherlands,NLD,2003,3492.0137,78.49268293
Netherlands,NLD,2004,3577.4411,79.09512195
Netherlands,NLD,2005,4026.956,79.34634146
Netherlands,NLD,2006,4114.4114,79.69756098
Netherlands,NLD,2007,4261.8189,80.09756098
Netherlands,NLD,2008,4418.9235,80.25121951
Netherlands,NLD,2009,4549.9608,80.54878049
Netherlands,NLD,2010,4671.0098,80.70243902
Netherlands,NLD,2011,4749.1091,81.20487805
Netherlands,NLD,2012,4850.2599,81.10487805
Netherlands,NLD,2013,4851.3257,81.10487805
New Zealand,NZL,1970,964.0011,71.27317073
New Zealand,NZL,1971,971.3469,71.77317073
New Zealand,NZL,1972,1010.1016,71.82926829
New Zealand,NZL,1973,1109.8231,71.66829268
New Zealand,NZL,1974,1285.533,71.92439024
New Zealand,NZL,1975,1353.0442,72.2195122
New Zealand,NZL,1976,1251.9901,72.42195122
New Zealand,NZL,1977,1253.1327,72.16829268
New Zealand,NZL,1978,1342.602,73.0195122
New Zealand,NZL,1979,1273.7866,73.06829268
New Zealand,NZL,1980,1176.5672,72.82926829
New Zealand,NZL,1981,1208.6914,73.62195122
New Zealand,NZL,1982,1240.6746,73.72439024
New Zealand,NZL,1983,1236.9665,73.77560976
New Zealand,NZL,1984,1219.59,74.37073171
New Zealand,NZL,1985,1132.5728,73.82926829
New Zealand,NZL,1986,1183.0917,74.12195122
New Zealand,NZL,1987,1246.6725,74.17804878
New Zealand,NZL,1988,1392.8127,74.42439024
New Zealand,NZL,1989,1427.2557,74.82439024
New Zealand,NZL,1990,1511.9218,75.37804878
New Zealand,NZL,1991,1535.9415,76.03170732
New Zealand,NZL,1992,1566.8143,76.12439024
New Zealand,NZL,1993,1581.1303,76.43414634
New Zealand,NZL,1994,1643.8037,76.88292683
New Zealand,NZL,1995,1698.1658,76.73414634
New Zealand,NZL,1996,1712.736,76.78780488
New Zealand,NZL,1997,1793.7497,77.33414634
New Zealand,NZL,1998,1901.6718,78.08536585
New Zealand,NZL,1999,1958.3694,77.8902439
New Zealand,NZL,2000,2009.2265,78.63658537
New Zealand,NZL,2001,2103.912,78.69268293
New Zealand,NZL,2002,2264.4581,78.84634146
New Zealand,NZL,2003,2268.0002,79.14634146
New Zealand,NZL,2004,2360.5568,79.54878049
New Zealand,NZL,2005,2525.4906,79.85121951
New Zealand,NZL,2006,2670.6987,80.04878049
New Zealand,NZL,2007,2645.6815,80.15121951
New Zealand,NZL,2008,2837.608,80.35121951
New Zealand,NZL,2009,3028.8743,80.70243902
New Zealand,NZL,2010,3020.3961,80.70243902
New Zealand,NZL,2011,3047.9186,80.90487805
New Zealand,NZL,2012,3150.6606,81.15609756
New Zealand,NZL,2013,3084.7375,81.40731707
Norway,NOR,1970,846.9044,74.08804878
Norway,NOR,1971,948.4623,74.17926829
Norway,NOR,1972,1068.0202,74.34463415
Norway,NOR,1973,1147.8994,74.44219512
Norway,NOR,1974,1184.7628,74.75365854
Norway,NOR,1975,1312.8012,74.81756098
Norway,NOR,1976,1397.1974,75.0395122
Norway,NOR,1977,1499.7419,75.38682927
Norway,NOR,1978,1699.6421,75.41853659
Norway,NOR,1979,1651.6198,75.41390244
Norway,NOR,1980,1737.859,75.67170732
Norway,NOR,1981,1782.7722,75.86902439
Norway,NOR,1982,1833.8316,76.01097561
Norway,NOR,1983,1947.5575,76.06682927
Norway,NOR,1984,1938.0624,76.22439024
Norway,NOR,1985,2025.9757,75.91682927
Norway,NOR,1986,2075.2096,76.24121951
Norway,NOR,1987,2140.5139,76.08170732
Norway,NOR,1988,2119.0708,76.2204878
Norway,NOR,1989,2112.6695,76.5004878
Norway,NOR,1990,2519.8144,76.53731707
Norway,NOR,1991,2660.3272,76.98073171
Norway,NOR,1992,2737.9341,77.18439024
Norway,NOR,1993,2761.3593,77.15170732
Norway,NOR,1994,2800.1692,77.6897561
Norway,NOR,1995,2863.3941,77.73658537
Norway,NOR,1996,3034.7886,78.1504878
Norway,NOR,1997,3426.2475,78.14268293
Norway,NOR,1998,3639.4707,78.32926829
Norway,NOR,1999,3826.0384,78.28292683
Norway,NOR,2000,4003.9711,78.63414634
Norway,NOR,2001,4139.3039,78.78536585
Norway,NOR,2002,4504.0563,78.98780488
Norway,NOR,2003,4633.588,79.3902439
Norway,NOR,2004,4734.1539,79.84146341
Norway,NOR,2005,4822.7491,80.04146341
Norway,NOR,2006,4846.3557,80.34390244
Norway,NOR,2007,4965.1445,80.39512195
Norway,NOR,2008,5149.5973,80.59268293
Norway,NOR,2009,5254.0755,80.79512195
Norway,NOR,2010,5240.4165,80.99756098
Norway,NOR,2011,5387.9816,81.29512195
Norway,NOR,2012,5499.0862,81.45121951
Norway,NOR,2013,5557.2025,81.45121951
Poland,POL,1990,427.8173,70.8902439
Poland,POL,1991,438.6615,70.58780488
Poland,POL,1992,469.5296,71.0902439
Poland,POL,1993,495.4858,71.59512195
Poland,POL,1994,508.6694,71.69512195
Poland,POL,1995,534.474,71.89268293
Poland,POL,1996,603.1162,72.24634146
Poland,POL,1997,625.1421,72.64634146
Poland,POL,1998,643.9559,72.99756098
Poland,POL,1999,732.2129,73.04390244
Poland,POL,2000,749.8991,73.74878049
Poland,POL,2001,814.007,74.2
Poland,POL,2002,889.627,74.49756098
Poland,POL,2003,904.2159,74.59756098
Poland,POL,2004,942.0814,74.84634146
Poland,POL,2005,965.1666,74.99512195
Poland,POL,2006,1023.0938,75.14390244
Poland,POL,2007,1107.0177,75.24390244
Poland,POL,2008,1255.96,75.54390244
Poland,POL,2009,1332.3118,75.69512195
Poland,POL,2010,1340.7184,76.24634146
Poland,POL,2011,1366.5163,76.74634146
Poland,POL,2012,1380.6929,76.79756098
Poland,POL,2013,1455.2589,76.84878049
Portugal,PRT,1970,237.0312,67.07317073
Portugal,PRT,1971,271.9299,66.77073171
Portugal,PRT,1972,362.9296,68.32439024
Portugal,PRT,1973,436.2657,67.52439024
Portugal,PRT,1974,465.4141,68.0195122
Portugal,PRT,1975,586.6569,68.3097561
Portugal,PRT,1976,589.9406,68.86097561
Portugal,PRT,1977,550.1092,70.01219512
Portugal,PRT,1978,577.0041,70.31707317
Portugal,PRT,1979,586.0709,71.16829268
Portugal,PRT,1980,709.0758,71.21463415
Portugal,PRT,1981,749.3987,71.61463415
Portugal,PRT,1982,769.8922,72.41463415
Portugal,PRT,1983,725.81,72.26585366
Portugal,PRT,1984,727.9294,72.51463415
Portugal,PRT,1985,809.3355,72.81463415
Portugal,PRT,1986,930.6231,73.26585366
Portugal,PRT,1987,962.9728,73.66585366
Portugal,PRT,1988,1079.2977,73.71463415
Portugal,PRT,1989,1060.3577,74.26585366
Portugal,PRT,1990,1100.2537,73.96585366
Portugal,PRT,1991,1260.1745,74.01463415
Portugal,PRT,1992,1305.9827,74.31219512
Portugal,PRT,1993,1332.6912,74.51219512
Portugal,PRT,1994,1336.6224,74.91463415
Portugal,PRT,1995,1555.9956,75.31219512
Portugal,PRT,1996,1660.6355,75.26097561
Portugal,PRT,1997,1717.3753,75.41219512
Portugal,PRT,1998,1782.9635,75.71219512
Portugal,PRT,1999,1901.5175,75.96341463
Portugal,PRT,2000,2153.7887,76.31463415
Portugal,PRT,2001,2187.8126,76.81463415
Portugal,PRT,2002,2232.7837,77.06585366
Portugal,PRT,2003,2292.0779,77.2195122
Portugal,PRT,2004,2431.0609,77.67073171
Portugal,PRT,2005,2481.444,78.07073171
Portugal,PRT,2006,2436.1823,78.4195122
Portugal,PRT,2007,2472.8037,78.32195122
Portugal,PRT,2008,2552.405,78.52439024
Portugal,PRT,2009,2613.2917,78.72682927
Portugal,PRT,2010,2645.6631,79.02682927
Portugal,PRT,2011,2524.7798,80.47073171
Portugal,PRT,2012,2386.2305,80.37317073
Portugal,PRT,2013,2306.5946,80.37317073
Slovenia,SVN,1995,1302.0993,73.95853659
Slovenia,SVN,1996,1382.4006,74.45853659
Slovenia,SVN,1997,1476.5463,74.70731707
Slovenia,SVN,1998,1537.2319,74.80731707
Slovenia,SVN,1999,1615.3151,75.0097561
Slovenia,SVN,2000,1775.6261,75.41219512
Slovenia,SVN,2001,1891.9529,75.75853659
Slovenia,SVN,2002,1864.5666,76.00731707
Slovenia,SVN,2003,1936.9238,76.85853659
Slovenia,SVN,2004,1981.1986,77.20731707
Slovenia,SVN,2005,2066.8623,77.61219512
Slovenia,SVN,2006,2132.2841,78.08658537
Slovenia,SVN,2007,2178.1724,78.56097561
Slovenia,SVN,2008,2352.881,78.76585366
Slovenia,SVN,2009,2345.0101,78.97073171
Slovenia,SVN,2010,2363.6692,79.42195122
Slovenia,SVN,2011,2368.1191,79.97073171
Slovenia,SVN,2012,2350.1776,80.12439024
Slovenia,SVN,2013,2329.7555,80.27804878
Spain,ESP,1970,448.6712,72.02731707
Spain,ESP,1971,529.0742,71.6302439
Spain,ESP,1972,598.3453,72.81804878
Spain,ESP,1973,625.202,72.61073171
Spain,ESP,1974,712.0427,72.9697561
Spain,ESP,1975,737.2338,73.31878049
Spain,ESP,1976,838.3206,73.64268293
Spain,ESP,1977,897.2817,74.13195122
Spain,ESP,1978,904.8541,74.29560976
Spain,ESP,1979,887.8727,74.81878049
Spain,ESP,1980,913.767,75.34926829
Spain,ESP,1981,930.2032,75.52853659
Spain,ESP,1982,953.6557,76.13414634
Spain,ESP,1983,994.0806,75.90902439
Spain,ESP,1984,972.3343,76.29536585
Spain,ESP,1985,969.0119,76.2595122
Spain,ESP,1986,989.7395,76.5104878
Spain,ESP,1987,1056.5485,76.72804878
Spain,ESP,1988,1232.2096,76.74707317
Spain,ESP,1989,1317.4873,76.81365854
Spain,ESP,1990,1444.19,76.83756098
Spain,ESP,1991,1522.8289,76.97121951
Spain,ESP,1992,1623.3291,77.41
Spain,ESP,1993,1674.5823,77.54658537
Spain,ESP,1994,1691.7669,77.90146341
Spain,ESP,1995,1773.4063,77.98073171
Spain,ESP,1996,1822.1491,78.1204878
Spain,ESP,1997,1853.2472,78.60414634
Spain,ESP,1998,1916.3749,78.66585366
Spain,ESP,1999,1993.7851,78.71707317
Spain,ESP,2000,2049.5785,78.96585366
Spain,ESP,2001,2095.6373,79.36829268
Spain,ESP,2002,2127.0201,79.56829268
Spain,ESP,2003,2385.9139,79.6195122
Spain,ESP,2004,2447.9456,79.87073171
Spain,ESP,2005,2515.3131,80.17073171
Spain,ESP,2006,2602.8273,80.82195122
Spain,ESP,2007,2679.2603,80.87317073
Spain,ESP,2008,2820.1949,81.17560976
Spain,ESP,2009,2919.5785,81.47560976
Spain,ESP,2010,2917.9495,81.62682927
Spain,ESP,2011,2902.7335,82.47560976
Spain,ESP,2012,2824.2009,82.42682927
Spain,ESP,2013,2755.9181,82.42682927
Sweden,SWE,1970,1168.3438,74.64926829
Sweden,SWE,1971,1264.5827,74.62390244
Sweden,SWE,1972,1311.8471,74.71804878
Sweden,SWE,1973,1355.4941,74.86731707
Sweden,SWE,1974,1450.5871,74.9804878
Sweden,SWE,1975,1549.189,74.98463415
Sweden,SWE,1976,1627.8297,74.96926829
Sweden,SWE,1977,1773.2115,75.3797561
Sweden,SWE,1978,1810.4277,75.46902439
Sweden,SWE,1979,1848.868,75.52414634
Sweden,SWE,1980,1953.5603,75.74097561
Sweden,SWE,1981,1986.0949,76.02609756
Sweden,SWE,1982,2031.7116,76.32731707
Sweden,SWE,1983,2046.4383,76.55170732
Sweden,SWE,1984,2079.5479,76.81585366
Sweden,SWE,1985,2013.3008,76.66780488
Sweden,SWE,1986,1997.8438,76.93121951
Sweden,SWE,1987,2080.6575,77.09219512
Sweden,SWE,1988,2099.4967,76.97926829
Sweden,SWE,1989,2158.6983,77.72682927
Sweden,SWE,1990,2182.6409,77.53682927
Sweden,SWE,1991,2139.2097,77.66682927
Sweden,SWE,1992,2184.6582,77.99878049
Sweden,SWE,1993,2195.9112,78.0604878
Sweden,SWE,1994,2154.1985,78.6502439
Sweden,SWE,1995,2203.4506,78.7404878
Sweden,SWE,1996,2295.8033,78.95902439
Sweden,SWE,1997,2304.9606,79.19756098
Sweden,SWE,1998,2428.7845,79.33902439
Sweden,SWE,1999,2541.0711,79.44146341
Sweden,SWE,2000,2656.362,79.64390244
Sweden,SWE,2001,2916.3359,79.79512195
Sweden,SWE,2002,3088.2543,79.84634146
Sweden,SWE,2003,3188.528,80.09512195
Sweden,SWE,2004,3233.9575,80.49756098
Sweden,SWE,2005,3318.2521,80.54634146
Sweden,SWE,2006,3405.7841,80.74878049
Sweden,SWE,2007,3458.3971,80.9
Sweden,SWE,2008,3513.5332,81.1
Sweden,SWE,2009,3553.986,81.35121951
Sweden,SWE,2010,3543.5822,81.45121951
Sweden,SWE,2011,4543.4803,81.80243902
Sweden,SWE,2012,4606.2456,81.70487805
Sweden,SWE,2013,4693.0745,81.70487805
Switzerland,CHE,1970,1672.2598,73.0202439
Switzerland,CHE,1971,1808.617,73.13073171
Switzerland,CHE,1972,1840.0689,73.64439024
Switzerland,CHE,1973,1909.8974,73.94097561
Switzerland,CHE,1974,2058.5251,74.28707317
Switzerland,CHE,1975,2175.9491,74.66560976
Switzerland,CHE,1976,2233.4705,74.78536585
Switzerland,CHE,1977,2293.6911,75.23804878
Switzerland,CHE,1978,2306.4702,75.18731707
Switzerland,CHE,1979,2392.3016,75.46609756
Switzerland,CHE,1980,2505.0154,75.45926829
Switzerland,CHE,1981,2554.0175,75.69317073
Switzerland,CHE,1982,2557.1418,76.03390244
Switzerland,CHE,1983,2699.0504,76.03121951
Switzerland,CHE,1984,2677.8657,76.60853659
Switzerland,CHE,1985,2765.2105,76.73365854
Switzerland,CHE,1986,2871.506,76.89902439
Switzerland,CHE,1987,2981.6448,77.19756098
Switzerland,CHE,1988,3076.9371,77.22658537
Switzerland,CHE,1989,3194.6702,77.42121951
Switzerland,CHE,1990,3251.551,77.24243902
Switzerland,CHE,1991,3442.2275,77.51463415
Switzerland,CHE,1992,3561.0551,77.80609756
Switzerland,CHE,1993,3556.6773,78.08536585
Switzerland,CHE,1994,3604.8755,78.35
Switzerland,CHE,1995,3752.1866,78.41707317
Switzerland,CHE,1996,3906.0381,78.89609756
Switzerland,CHE,1997,3982.1448,79.0795122
Switzerland,CHE,1998,4142.3256,79.32439024
Switzerland,CHE,1999,4248.5318,79.5804878
Switzerland,CHE,2000,4344.558,79.6804878
Switzerland,CHE,2001,4545.3768,80.1804878
Switzerland,CHE,2002,4706.3575,80.38536585
Switzerland,CHE,2003,4811.0269,80.53658537
Switzerland,CHE,2004,4928.0873,81.08780488
Switzerland,CHE,2005,4964.2494,81.23658537
Switzerland,CHE,2006,4906.6836,81.4902439
Switzerland,CHE,2007,4975.4899,81.74146341
Switzerland,CHE,2008,5100.4791,81.99268293
Switzerland,CHE,2009,5236.1522,82.04390244
Switzerland,CHE,2010,5371.4504,82.24634146
Switzerland,CHE,2011,5485.8134,82.69512195
Switzerland,CHE,2012,5687.2677,82.69756098
Switzerland,CHE,2013,5818.7818,82.74878049
Turkey,TUR,1975,165.0731,55.38521951
Turkey,TUR,1976,140.9377,56.0497561
Turkey,TUR,1977,167.3497,56.71868293
Turkey,TUR,1978,185.7754,57.385
Turkey,TUR,1979,185.7688,58.04426829
Turkey,TUR,1980,182.3208,58.69158537
Turkey,TUR,1981,203.7051,59.32612195
Turkey,TUR,1982,171.7645,59.94646341
Turkey,TUR,1983,179.843,60.55265854
Turkey,TUR,1984,180.2676,61.14319512
Turkey,TUR,1985,129.4716,61.71443902
Turkey,TUR,1986,167.0179,62.26226829
Turkey,TUR,1987,184.8806,62.7875122
Turkey,TUR,1988,201.9671,63.29453659
Turkey,TUR,1989,216.9416,63.79031707
Turkey,TUR,1990,249.5391,64.28234146
Turkey,TUR,1991,280.5111,64.78309756
Turkey,TUR,1992,287.4862,65.30021951
Turkey,TUR,1993,298.9687,65.83790244
Turkey,TUR,1994,270.0727,66.39873171
Turkey,TUR,1995,265.1805,66.98192683
Turkey,TUR,1996,322.5513,67.58621951
Turkey,TUR,1997,367.7261,68.19968293
Turkey,TUR,1998,427.0581,68.81226829
Turkey,TUR,1999,516.4664,69.41539024
Turkey,TUR,2000,575.1512,69.99836585
Turkey,TUR,2001,582.2162,70.55185366
Turkey,TUR,2002,634.4325,71.07309756
Turkey,TUR,2003,656.849,71.55987805
Turkey,TUR,2004,697.9255,72.01112195
Turkey,TUR,2005,748.9754,72.42836585
Turkey,TUR,2006,832.1519,72.81573171
Turkey,TUR,2007,878.5876,73.18192683
Turkey,TUR,2008,871.6667,73.53419512
Turkey,TUR,2009,862.9134,73.87609756
Turkey,TUR,2010,852.6704,74.21119512
Turkey,TUR,2011,862.9516,74.5404878
Turkey,TUR,2012,856.9456,74.86243902
Turkey,TUR,2013,903.5676,75.17595122
United Kingdom,GBR,1970,656.0517,71.97317073
United Kingdom,GBR,1971,684.045,72.27317073
United Kingdom,GBR,1972,723.019,72.12439024
United Kingdom,GBR,1973,755.9272,72.32439024
United Kingdom,GBR,1974,851.4209,72.52439024
United Kingdom,GBR,1975,889.9373,72.72439024
United Kingdom,GBR,1976,920.0744,72.77560976
United Kingdom,GBR,1977,924.6097,73.22439024
United Kingdom,GBR,1978,953.2253,73.17560976
United Kingdom,GBR,1979,975.3974,73.27560976
United Kingdom,GBR,1980,1018.0133,73.67560976
United Kingdom,GBR,1981,1053.2004,74.02682927
United Kingdom,GBR,1982,1042.4711,74.17804878
United Kingdom,GBR,1983,1128.0444,74.37804878
United Kingdom,GBR,1984,1133.5529,74.77804878
United Kingdom,GBR,1985,1155.5843,74.62926829
United Kingdom,GBR,1986,1185.9615,74.92926829
United Kingdom,GBR,1987,1262.1952,75.2804878
United Kingdom,GBR,1988,1310.9193,75.3804878
United Kingdom,GBR,1989,1326.9804,75.58292683
United Kingdom,GBR,1990,1344.0919,75.8804878
United Kingdom,GBR,1991,1426.0631,76.08292683
United Kingdom,GBR,1992,1545.4584,76.43414634
United Kingdom,GBR,1993,1600.5217,76.38536585
United Kingdom,GBR,1994,1681.6816,76.88536585
United Kingdom,GBR,1995,1709.2018,76.83658537
United Kingdom,GBR,1996,1745.8191,77.08780488
United Kingdom,GBR,1997,1748.6616,77.21097561
United Kingdom,GBR,1998,1837.6474,77.1902439
United Kingdom,GBR,1999,1965.5434,77.3902439
United Kingdom,GBR,2000,2044.202,77.74146341
United Kingdom,GBR,2001,2204.104,77.99268293
United Kingdom,GBR,2002,2335.376,78.14390244
United Kingdom,GBR,2003,2487.615,78.44634146
United Kingdom,GBR,2004,2606.135,78.74634146
United Kingdom,GBR,2005,2712.273,79.04878049
United Kingdom,GBR,2006,2812.727,79.24878049
United Kingdom,GBR,2007,2894.783,79.44878049
United Kingdom,GBR,2008,2945.846,79.6
United Kingdom,GBR,2009,3085.415,80.05121951
United Kingdom,GBR,2010,3036.12,80.40243902
United Kingdom,GBR,2011,3063.044,80.95121951
United Kingdom,GBR,2012,3099.058,80.90487805
United Kingdom,GBR,2013,3673.108,80.95609756
United States,USA,1970,1452.5874,70.80731707
United States,USA,1971,1513.5113,71.10731707
United States,USA,1972,1609.232,71.15609756
United States,USA,1973,1688.367,71.35609756
United States,USA,1974,1746.0535,71.95609756
United States,USA,1975,1809.8533,72.60487805
United States,USA,1976,1954.6698,72.85609756
United States,USA,1977,2092.2439,73.25609756
United States,USA,1978,2177.4709,73.35609756
United States,USA,1979,2260.2595,73.80487805
United States,USA,1980,2363.7486,73.65853659
United States,USA,1981,2485.7482,74.00731707
United States,USA,1982,2611.8782,74.36097561
United States,USA,1983,2743.7236,74.46341463
United States,USA,1984,2902.8663,74.56341463
United States,USA,1985,3068.3808,74.56341463
United States,USA,1986,3202.9039,74.61463415
United States,USA,1987,3364.5363,74.76585366
United States,USA,1988,3610.2574,74.76585366
United States,USA,1989,3835.6971,75.01707317
United States,USA,1990,4093.4464,75.21463415
United States,USA,1991,4277.884,75.36585366
United States,USA,1992,4466.39,75.64219512
United States,USA,1993,4623.3645,75.4195122
United States,USA,1994,4721.7997,75.57439024
United States,USA,1995,4835.5526,75.62195122
United States,USA,1996,4945.7865,75.99658537
United States,USA,1997,5068.7317,76.42926829
United States,USA,1998,5243.21,76.5804878
United States,USA,1999,5425.5428,76.58292683
United States,USA,2000,5635.34,76.63658537
United States,USA,2001,5934.7847,76.73658537
United States,USA,2002,6341.6322,76.83658537
United States,USA,2003,6695.7248,76.98780488
United States,USA,2004,6924.3707,77.33902439
United States,USA,2005,7092.7348,77.33902439
United States,USA,2006,7269.6777,77.58780488
United States,USA,2007,7449.0334,77.83902439
United States,USA,2008,7561.5873,77.93902439
United States,USA,2009,7778.6191,78.0902439
United States,USA,2010,7929.372,78.54146341
United States,USA,2011,8005.7887,78.64146341
United States,USA,2012,8103.3367,78.74146341
United States,USA,2013,8157.4229,78.84146341